name,accuracy,correct,fault,status
Chan Sung Jung,0.4,2,3,QUESTIONABLE
Volkan Oezdemir,0.8571428571428571,6,1,GOOD
Junyong Park,1.0,1,0,GOOD
Kyung Ho Kang,0.7142857142857143,5,2,QUESTIONABLE
Alexandre Pantoja,1.0,7,0,GOOD
Raoni Barcelos,0.5,1,1,QUESTIONABLE
Heili Alateng,0.0,0,1,QUESTIONABLE
Kamaru Usman,0.0,0,8,QUESTIONABLE
Alexander Volkanovski,0.0,0,6,QUESTIONABLE
Amanda Nunes,0.9,9,1,GOOD
Marlon Moraes,0.6,3,2,QUESTIONABLE
Petr Yan,0.25,1,3,QUESTIONABLE
Geoff Neal,0.3333333333333333,1,2,QUESTIONABLE
Irene Aldana,0.3333333333333333,2,4,QUESTIONABLE
Omari Akhmedov,0.3,3,7,QUESTIONABLE
Brandon Moreno,0.6,3,2,QUESTIONABLE
Aspen Ladd,1.0,2,0,GOOD
Cody Stamann,0.5,2,2,QUESTIONABLE
Rob Font,0.875,7,1,GOOD
Tim Means,0.625,10,6,QUESTIONABLE
Makhmud Muradov,0.0,0,1,QUESTIONABLE
Jan Blachowicz,0.7,7,3,QUESTIONABLE
Charles Oliveira,0.6111111111111112,11,7,QUESTIONABLE
James Krause,0.75,6,2,GOOD
Ricardo Ramos,0.6666666666666666,2,1,QUESTIONABLE
Francisco Trinaldo,0.6666666666666666,6,3,QUESTIONABLE
Douglas Silva de Andrade,0.6,3,2,QUESTIONABLE
Zabit Magomedsharipov,0.0,0,5,QUESTIONABLE
Alexander Volkov,0.8,4,1,GOOD
Ed Herman,0.8333333333333334,15,3,GOOD
Magomed Ankalaev,1.0,2,0,GOOD
Rustam Khabilov,0.36363636363636365,4,7,QUESTIONABLE
Jorge Masvidal,0.6,9,6,QUESTIONABLE
Darren Till,0.14285714285714285,1,6,QUESTIONABLE
Stephen Thompson,0.8181818181818182,9,2,GOOD
Derrick Lewis,0.7857142857142857,11,3,GOOD
Corey Anderson,0.8,8,2,GOOD
Edmen Shahbazyan,0.5,1,1,QUESTIONABLE
Katlyn Chookagian,1.0,5,0,GOOD
Lyman Good,1.0,3,0,GOOD
Hakeem Dawodu,1.0,3,0,GOOD
Stevie Ray,0.75,6,2,GOOD
Beneil Dariush,0.6666666666666666,8,4,QUESTIONABLE
Ciryl Gane,0.0,0,1,QUESTIONABLE
Muslim Salikhov,0.6666666666666666,2,1,QUESTIONABLE
Randa Markos,0.75,6,2,GOOD
Rafael Fiziev,1.0,1,0,GOOD
Dominick Reyes,0.0,0,4,QUESTIONABLE
Joe Lauzon,0.6666666666666666,12,6,QUESTIONABLE
Molly McCann,0.5,1,1,QUESTIONABLE
Joanna Jedrzejczyk,0.7,7,3,QUESTIONABLE
Niko Price,0.25,2,6,QUESTIONABLE
Matt Frevola,0.5,1,1,QUESTIONABLE
Eryk Anders,0.6666666666666666,4,2,QUESTIONABLE
Ryan Spann,0.0,0,2,QUESTIONABLE
Alex Morono,0.8571428571428571,6,1,GOOD
Marvin Vettori,0.6666666666666666,4,2,QUESTIONABLE
JJ Aldrich,0.25,1,3,QUESTIONABLE
Jared Cannonier,0.5,3,3,QUESTIONABLE
Ovince Saint Preux,0.5,8,8,QUESTIONABLE
Ismail Naurdiev,0.5,1,1,QUESTIONABLE
Marc Diakiese,0.75,3,1,GOOD
Steven Peterson,0.0,0,2,QUESTIONABLE
Kyle Nelson,1.0,1,0,GOOD
Justin Gaethje,0.75,3,1,GOOD
Glover Teixeira,0.5,6,6,QUESTIONABLE
Uriah Hall,0.5833333333333334,7,5,QUESTIONABLE
Misha Cirkunov,0.14285714285714285,1,6,QUESTIONABLE
Augusto Sakai,0.0,0,2,QUESTIONABLE
Chas Skelly,0.7,7,3,QUESTIONABLE
Austin Hubbard,1.0,1,0,GOOD
Khabib Nurmagomedov,1.0,10,0,GOOD
Paul Felder,0.875,7,1,GOOD
Islam Makhachev,0.8333333333333334,5,1,GOOD
Curtis Blaydes,0.375,3,5,QUESTIONABLE
Diego Ferreira,0.7142857142857143,5,2,QUESTIONABLE
Joanne Calderwood,0.375,3,5,QUESTIONABLE
Zubaira Tukhugov,0.25,1,3,QUESTIONABLE
Belal Muhammad,0.5,4,4,QUESTIONABLE
Don Madge,0.0,0,1,QUESTIONABLE
Kai Kara-France,0.6666666666666666,2,1,QUESTIONABLE
Anthony Hernandez,0.0,0,1,QUESTIONABLE
Damir Ismagulov,0.0,0,1,QUESTIONABLE
Stipe Miocic,0.6666666666666666,10,5,QUESTIONABLE
Nate Diaz,0.8947368421052632,17,2,GOOD
Sodiq Yusuff,1.0,1,0,GOOD
Cory Sandhagen,0.25,1,3,QUESTIONABLE
Drakkar Klose,0.6666666666666666,2,1,QUESTIONABLE
Valentina Shevchenko,0.16666666666666666,1,5,QUESTIONABLE
Vicente Luque,0.8571428571428571,6,1,GOOD
Eduardo Garagorri,0.0,0,1,QUESTIONABLE
Alex Da Silva,1.0,1,0,GOOD
Veronica Macedo,1.0,1,0,GOOD
Colby Covington,1.0,9,0,GOOD
Jim Miller,0.68,17,8,QUESTIONABLE
Nasrat Haqparast,1.0,3,0,GOOD
Gerald Meerschaert,0.2857142857142857,2,5,QUESTIONABLE
Scott Holtzman,0.75,3,1,GOOD
Kennedy Nzechukwu,1.0,1,0,GOOD
Mickey Gall,0.3333333333333333,1,2,QUESTIONABLE
Antonina Shevchenko,0.0,0,1,QUESTIONABLE
Max Holloway,0.7777777777777778,14,4,GOOD
Arman Tsarukyan,1.0,1,0,GOOD
Krzysztof Jotko,0.75,6,2,GOOD
Viviane Araujo,0.0,0,1,QUESTIONABLE
Gavin Tucker,0.0,0,1,QUESTIONABLE
Deiveson Figueiredo,0.5,2,2,QUESTIONABLE
Erik Koch,0.75,6,2,GOOD
Germaine de Randamie,0.5,2,2,QUESTIONABLE
Urijah Faber,0.9285714285714286,13,1,GOOD
Andre Fili,0.5,5,5,QUESTIONABLE
Benito Lopez,0.0,0,1,QUESTIONABLE
Jon Jones,0.8571428571428571,12,2,GOOD
Michael Chiesa,0.5,6,6,QUESTIONABLE
Arnold Allen,0.5,1,1,QUESTIONABLE
Marlon Vera,0.75,6,2,GOOD
Claudia Gadelha,1.0,8,0,GOOD
Song Yadong,0.6666666666666666,2,1,QUESTIONABLE
Chance Rencountre,1.0,3,0,GOOD
Francis Ngannou,0.3,3,7,QUESTIONABLE
Joseph Benavidez,0.5384615384615384,7,6,QUESTIONABLE
Demian Maia,0.7777777777777778,21,6,GOOD
Jared Gordon,0.75,3,1,GOOD
Dalcha Lungiambula,1.0,1,0,GOOD
Kevin Holland,0.6666666666666666,2,1,QUESTIONABLE
Dan Ige,0.3333333333333333,1,2,QUESTIONABLE
Ashley Yoder,0.6666666666666666,2,1,QUESTIONABLE
Luis Pena,0.3333333333333333,1,2,QUESTIONABLE
Henry Cejudo,0.8,8,2,GOOD
Tony Ferguson,0.9166666666666666,11,1,GOOD
Blagoy Ivanov,0.5,1,1,QUESTIONABLE
Aljamain Sterling,0.7272727272727273,8,3,QUESTIONABLE
Alexa Grasso,0.5,1,1,QUESTIONABLE
Calvin Kattar,0.5,2,2,QUESTIONABLE
Darren Stewart,1.0,4,0,GOOD
Eddie Wineland,0.7272727272727273,8,3,QUESTIONABLE
Aleksandar Rakic,0.75,3,1,GOOD
Makwan Amirkhani,0.0,0,3,QUESTIONABLE
Christos Giagos,0.6,3,2,QUESTIONABLE
Daniel Teymur,1.0,4,0,GOOD
Sergey Khandozhko,0.0,0,1,QUESTIONABLE
Leonardo Santos,0.0,0,4,QUESTIONABLE
Frank Camacho,1.0,3,0,GOOD
Devin Clark,0.2,1,4,QUESTIONABLE
Ian Heinisch,1.0,2,0,GOOD
Davi Ramos,0.5,2,2,QUESTIONABLE
Zak Cummings,0.7777777777777778,7,2,GOOD
Jessica Andrade,0.75,9,3,GOOD
Laureano Staropoli,1.0,1,0,GOOD
Thiago Moises,0.5,1,1,QUESTIONABLE
Warlley Alves,0.8888888888888888,8,1,GOOD
Clay Guida,0.7142857142857143,15,6,QUESTIONABLE
Donald Cerrone,0.8,20,5,GOOD
Andrew Sanchez,1.0,4,0,GOOD
Nordine Taleb,0.8888888888888888,8,1,GOOD
Arjan Bhullar,0.5,1,1,QUESTIONABLE
Cole Smith,1.0,1,0,GOOD
Jack Hermansson,1.0,7,0,GOOD
Greg Hardy,0.5,1,1,QUESTIONABLE
Mike Perry,0.2222222222222222,2,7,QUESTIONABLE
Takashi Sato,1.0,1,0,GOOD
Dhiego Lima,0.4,2,3,QUESTIONABLE
Alistair Overeem,0.4166666666666667,5,7,QUESTIONABLE
Sultan Aliev,0.5,1,1,QUESTIONABLE
Alexander Yakovlev,0.5,3,3,QUESTIONABLE
Shamil Abdurakhimov,0.0,0,7,QUESTIONABLE
Magomed Mustafaev,0.3333333333333333,1,2,QUESTIONABLE
Dustin Poirier,0.4444444444444444,8,10,QUESTIONABLE
Israel Adesanya,0.0,0,3,QUESTIONABLE
Dwight Grant,0.0,0,1,QUESTIONABLE
Nikita Krylov,0.625,5,3,QUESTIONABLE
Max Griffin,0.6666666666666666,4,2,QUESTIONABLE
Brandon Davis,0.0,0,4,QUESTIONABLE
Michelle Waterson,0.16666666666666666,1,5,QUESTIONABLE
Paul Craig,0.6,3,2,QUESTIONABLE
Maryna Moroz,0.25,1,3,QUESTIONABLE
Alex Perez,0.75,3,1,GOOD
Anthony Pettis,0.6666666666666666,10,5,QUESTIONABLE
Jussier Formiga,0.6666666666666666,8,4,QUESTIONABLE
Maycee Barber,0.0,0,1,QUESTIONABLE
Bryce Mitchell,1.0,1,0,GOOD
Jennifer Maia,1.0,2,0,GOOD
Leon Edwards,0.2222222222222222,2,7,QUESTIONABLE
Saparbeg Safarov,0.5,1,1,QUESTIONABLE
Junior Dos Santos,0.7058823529411765,12,5,QUESTIONABLE
Anthony Rocco Martin,0.36363636363636365,4,7,QUESTIONABLE
Yana Kunitskaya,1.0,3,0,GOOD
Matt Schnell,0.6,3,2,QUESTIONABLE
Alex White,0.3333333333333333,3,6,QUESTIONABLE
Pedro Munhoz,0.5454545454545454,6,5,QUESTIONABLE
Johnny Walker,1.0,2,0,GOOD
Diego Sanchez,0.6363636363636364,14,8,QUESTIONABLE
Hannah Cifers,1.0,1,0,GOOD
Thiago Santos,0.6666666666666666,10,5,QUESTIONABLE
Michal Oleksiejczuk,1.0,1,0,GOOD
Liz Carmouche,0.625,5,3,QUESTIONABLE
Chris Fishgold,1.0,2,0,GOOD
Cynthia Calvillo,0.0,0,2,QUESTIONABLE
Nik Lentz,0.6875,11,5,QUESTIONABLE
Luke Sanders,0.75,3,1,GOOD
Lando Vannata,0.7142857142857143,5,2,QUESTIONABLE
Ricky Simon,0.6666666666666666,2,1,QUESTIONABLE
Jimmy Crute,0.5,1,1,QUESTIONABLE
Shane Young,1.0,1,0,GOOD
Jalin Turner,1.0,2,0,GOOD
Jose Aldo,0.42857142857142855,6,8,QUESTIONABLE
Livinha Souza,1.0,1,0,GOOD
Markus Perez,0.3333333333333333,1,2,QUESTIONABLE
Thiago Alves,0.7272727272727273,16,6,QUESTIONABLE
Said Nurmagomedov,0.5,1,1,QUESTIONABLE
Allen Crowder,0.0,0,1,QUESTIONABLE
Paige VanZant,0.6666666666666666,4,2,QUESTIONABLE
Dennis Bermudez,0.6153846153846154,8,5,QUESTIONABLE
Andrei Arlovski,0.5882352941176471,10,7,QUESTIONABLE
Curtis Millender,0.5,1,1,QUESTIONABLE
Montel Jackson,0.0,0,1,QUESTIONABLE
Al Iaquinta,0.45454545454545453,5,6,QUESTIONABLE
Edson Barboza,0.4375,7,9,QUESTIONABLE
Zak Ottow,0.8333333333333334,5,1,GOOD
Joaquim Silva,0.5,2,2,QUESTIONABLE
Juan Adams,1.0,1,0,GOOD
Gunnar Nelson,0.8,8,2,GOOD
Nina Ansaroff,0.6,3,2,QUESTIONABLE
Elias Theodorou,0.875,7,1,GOOD
Brad Katona,1.0,1,0,GOOD
Justin Willis,0.5,2,2,QUESTIONABLE
Aleksei Kunchenko,1.0,1,0,GOOD
Wilson Reis,0.8,8,2,GOOD
Keita Nakamura,0.42857142857142855,3,4,QUESTIONABLE
Liu Pingyuan,0.3333333333333333,1,2,QUESTIONABLE
Louis Smolka,0.625,5,3,QUESTIONABLE
Santiago Ponzinibbio,0.8,8,2,GOOD
Ricardo Lamas,0.3333333333333333,4,8,QUESTIONABLE
Michel Prazeres,0.5714285714285714,4,3,QUESTIONABLE
Austin Arnett,1.0,3,0,GOOD
Michael Trizano,1.0,1,0,GOOD
Bobby Moffett,1.0,1,0,GOOD
Eric Shelton,1.0,3,0,GOOD
Daniel Cormier,0.7777777777777778,7,2,GOOD
Jacare Souza,0.7,7,3,QUESTIONABLE
Sheymon Moraes,1.0,3,0,GOOD
Anthony Smith,0.3333333333333333,2,4,QUESTIONABLE
Michael Johnson,0.7333333333333333,11,4,QUESTIONABLE
Gian Villante,0.7272727272727273,8,3,QUESTIONABLE
Court McGee,0.6923076923076923,9,4,QUESTIONABLE
Sean Strickland,0.8571428571428571,6,1,GOOD
Rogerio Nogueira,0.5,3,3,QUESTIONABLE
Sergio Moraes,0.25,3,9,QUESTIONABLE
Thales Leites,0.6842105263157895,13,6,QUESTIONABLE
Aleksei Oleinik,0.5,3,3,QUESTIONABLE
Mairbek Taisumov,0.6666666666666666,4,2,QUESTIONABLE
Jordan Johnson,0.0,0,2,QUESTIONABLE
Tyron Woodley,0.6,6,4,QUESTIONABLE
Abdul Razak Alhassan,0.6666666666666666,2,1,QUESTIONABLE
Cortney Casey,0.7777777777777778,7,2,GOOD
Bryan Barberena,0.5714285714285714,4,3,QUESTIONABLE
Rani Yahya,0.5,6,6,QUESTIONABLE
TJ Dillashaw,0.7142857142857143,10,4,QUESTIONABLE
Renato Moicano,0.5714285714285714,4,3,QUESTIONABLE
Alexander Hernandez,0.5,1,1,QUESTIONABLE
Jordan Mein,0.8571428571428571,6,1,GOOD
Marcin Tybura,0.8571428571428571,6,1,GOOD
Damir Hadzovic,0.75,3,1,GOOD
Bartosz Fabinski,1.0,3,0,GOOD
Nad Narimani,0.0,0,1,QUESTIONABLE
Darko Stosic,1.0,2,0,GOOD
Sage Northcutt,0.5,2,2,QUESTIONABLE
Chad Mendes,0.5833333333333334,7,5,QUESTIONABLE
Alejandro Perez,0.42857142857142855,3,4,QUESTIONABLE
Mark De La Rosa,0.5,1,1,QUESTIONABLE
Raphael Assuncao,0.6428571428571429,9,5,QUESTIONABLE
Alessio Di Chirico,0.8333333333333334,5,1,GOOD
Jake Matthews,0.4444444444444444,4,5,QUESTIONABLE
Ulka Sasaki,0.2857142857142857,2,5,QUESTIONABLE
Ben Saunders,0.7272727272727273,8,3,QUESTIONABLE
Julio Arce,0.3333333333333333,1,2,QUESTIONABLE
Sam Alvey,0.3333333333333333,4,8,QUESTIONABLE
David Teymur,1.0,4,0,GOOD
Desmond Green,1.0,3,0,GOOD
Neil Magny,0.625,10,6,QUESTIONABLE
Claudio Silva,0.0,0,1,QUESTIONABLE
Lina Lansberg,1.0,3,0,GOOD
Andrea Lee,1.0,1,0,GOOD
Gabriel Benitez,0.0,0,5,QUESTIONABLE
Kelvin Gastelum,0.5333333333333333,8,7,QUESTIONABLE
John Lineker,0.2727272727272727,3,8,QUESTIONABLE
Lyoto Machida,0.5625,9,7,QUESTIONABLE
Kevin Lee,0.2727272727272727,3,8,QUESTIONABLE
Frankie Edgar,0.8181818181818182,18,4,GOOD
Dan Hooker,0.8333333333333334,5,1,GOOD
Ryan LaFlare,0.625,5,3,QUESTIONABLE
Alex Oliveira,0.7272727272727273,8,3,QUESTIONABLE
Antonio Carlos Junior,0.6666666666666666,6,3,QUESTIONABLE
John Moraga,0.7,7,3,QUESTIONABLE
Brad Tavares,0.6666666666666666,10,5,QUESTIONABLE
Yushin Okami,0.4117647058823529,7,10,QUESTIONABLE
Adam Wieczorek,0.0,0,1,QUESTIONABLE
Rose Namajunas,0.42857142857142855,3,4,QUESTIONABLE
Chris Gruetzemacher,0.0,0,2,QUESTIONABLE
Karolina Kowalkiewicz,0.8571428571428571,6,1,GOOD
Danny Henry,0.5,1,1,QUESTIONABLE
Kajan Johnson,0.6,3,2,QUESTIONABLE
Cris Cyborg,0.75,3,1,GOOD
Brian Ortega,0.16666666666666666,1,5,QUESTIONABLE
John Dodson,0.6363636363636364,7,4,QUESTIONABLE
CB Dollaway,0.6875,11,5,QUESTIONABLE
Ilir Latifi,0.5454545454545454,6,5,QUESTIONABLE
Brian Kelleher,1.0,5,0,GOOD
Marion Reneau,0.2,1,4,QUESTIONABLE
Angela Hill,1.0,6,0,GOOD
Alan Jouban,0.75,6,2,GOOD
Tai Tuivasa,0.6666666666666666,2,1,QUESTIONABLE
Tyson Pedro,0.3333333333333333,1,2,QUESTIONABLE
Alan Patrick,0.6,3,2,QUESTIONABLE
Polyana Viana,0.6666666666666666,2,1,QUESTIONABLE
Iuri Alcantara,0.8666666666666667,13,2,GOOD
Bobby Green,0.6,6,4,QUESTIONABLE
Mirsad Bektic,0.8,4,1,GOOD
Ji Yeon Kim,1.0,2,0,GOOD
Vinc Pichel,0.3333333333333333,1,2,QUESTIONABLE
Kyle Bochniak,1.0,4,0,GOOD
Dustin Ortiz,0.8,8,2,GOOD
Jeremy Stephens,0.7272727272727273,16,6,QUESTIONABLE
Jessica-Rose Clark,0.0,0,1,QUESTIONABLE
Darren Elkins,0.7058823529411765,12,5,QUESTIONABLE
Julian Marquez,1.0,1,0,GOOD
Chad Laprise,0.6666666666666666,4,2,QUESTIONABLE
John Makdessi,0.45454545454545453,5,6,QUESTIONABLE
Alexis Davis,0.7142857142857143,5,2,QUESTIONABLE
Eddie Alvarez,0.3333333333333333,2,4,QUESTIONABLE
Tecia Torres,0.5714285714285714,4,3,QUESTIONABLE
Yancy Medeiros,0.6666666666666666,6,3,QUESTIONABLE
Felice Herrig,0.3333333333333333,2,4,QUESTIONABLE
Alex Garcia,0.625,5,3,QUESTIONABLE
Gina Mazany,0.5,1,1,QUESTIONABLE
Fabricio Werdum,0.8333333333333334,10,2,GOOD
Ryan Benoit,0.2,1,4,QUESTIONABLE
Cezar Ferreira,0.5384615384615384,7,6,QUESTIONABLE
Jake Collier,0.2,1,4,QUESTIONABLE
Georges St-Pierre,0.9375,15,1,GOOD
Mark Godbeer,1.0,1,0,GOOD
Marcin Held,0.6666666666666666,2,1,QUESTIONABLE
Shinsho Anzai,0.5,1,1,QUESTIONABLE
Olivier Aubin-Mercier,0.7142857142857143,5,2,QUESTIONABLE
Ketlen Vieira,0.5,1,1,QUESTIONABLE
Thibault Gouti,1.0,4,0,GOOD
Sergio Pettis,0.6363636363636364,7,4,QUESTIONABLE
Joseph Morales,1.0,2,0,GOOD
Robbie Lawler,0.5,6,6,QUESTIONABLE
Alexandra Albu,1.0,1,0,GOOD
Chris Weidman,0.8181818181818182,9,2,GOOD
Patrick Cummins,0.5,6,6,QUESTIONABLE
Jeremy Kennedy,0.5,1,1,QUESTIONABLE
Junior Albini,1.0,2,0,GOOD
Chris Wade,0.6,3,2,QUESTIONABLE
Jack Marshman,0.75,3,1,GOOD
Brett Johns,1.0,3,0,GOOD
Tim Boetsch,0.5,8,8,QUESTIONABLE
Dennis Siver,0.4,6,9,QUESTIONABLE
Holly Holm,0.5,3,3,QUESTIONABLE
Walt Harris,0.75,6,2,GOOD
Russell Doane,0.3333333333333333,2,4,QUESTIONABLE
Naoki Inoue,0.0,0,1,QUESTIONABLE
Lucie Pudilova,0.0,0,3,QUESTIONABLE
Mark Hunt,0.5333333333333333,8,7,QUESTIONABLE
Ion Cutelaba,0.6666666666666666,2,1,QUESTIONABLE
Luke Jumeau,1.0,1,0,GOOD
Vitor Belfort,0.6111111111111112,11,7,QUESTIONABLE
Matthew Lopez,0.8,4,1,GOOD
Viviane Pereira,0.0,0,1,QUESTIONABLE
Peter Sobotta,0.8,4,1,GOOD
Trevor Smith,0.6363636363636364,7,4,QUESTIONABLE
Bojan Velickovic,0.5,2,2,QUESTIONABLE
Jason Knight,0.42857142857142855,3,4,QUESTIONABLE
Chase Sherman,0.2,1,4,QUESTIONABLE
Cub Swanson,0.6153846153846154,8,5,QUESTIONABLE
Hector Sandoval,0.6666666666666666,2,1,QUESTIONABLE
Demetrious Johnson,0.7333333333333333,11,4,QUESTIONABLE
Robert Whittaker,0.5,4,4,QUESTIONABLE
Rashid Magomedov,1.0,4,0,GOOD
Gegard Mousasi,0.7272727272727273,8,3,QUESTIONABLE
Myles Jury,0.42857142857142855,3,4,QUESTIONABLE
Bethe Correia,0.6,3,2,QUESTIONABLE
Joe Soto,0.5,3,3,QUESTIONABLE
Johny Hendricks,0.4666666666666667,7,8,QUESTIONABLE
Sara McMann,0.42857142857142855,3,4,QUESTIONABLE
James Vick,0.625,5,3,QUESTIONABLE
Marcel Fortuna,1.0,1,0,GOOD
Adam Milstead,1.0,2,0,GOOD
Eric Spicely,1.0,4,0,GOOD
Augusto Mendes,1.0,2,0,GOOD
Cyril Asker,0.6666666666666666,2,1,QUESTIONABLE
Cody Garbrandt,0.8333333333333334,5,1,GOOD
Dong Hyun Kim,0.8571428571428571,12,2,GOOD
Mizuto Hirota,0.8,4,1,GOOD
Leslie Smith,0.6666666666666666,2,1,QUESTIONABLE
Emil Meek,0.5,1,1,QUESTIONABLE
Justine Kish,0.3333333333333333,1,2,QUESTIONABLE
Juliana Lima,0.6666666666666666,2,1,QUESTIONABLE
Dong Hyun Ma,1.0,4,0,GOOD
Jamie Moyle,0.0,0,1,QUESTIONABLE
Andrew Holbrook,1.0,2,0,GOOD
Danielle Taylor,0.5,1,1,QUESTIONABLE
Daniel Kelly,0.5,2,2,QUESTIONABLE
Ryan Bader,0.5625,9,7,QUESTIONABLE
Thomas Almeida,1.0,5,0,GOOD
Johnny Eduardo,0.8333333333333334,5,1,GOOD
Luis Henrique,0.2,1,4,QUESTIONABLE
Francimar Barroso,0.5714285714285714,4,3,QUESTIONABLE
Artem Lobov,0.8,4,1,GOOD
Kyoji Horiguchi,0.8333333333333334,5,1,GOOD
Justin Ledet,0.6666666666666666,2,1,QUESTIONABLE
Conor McGregor,0.25,2,6,QUESTIONABLE
Raquel Pennington,0.14285714285714285,1,6,QUESTIONABLE
Erik Perez,0.5,2,2,QUESTIONABLE
Michael Bisping,0.55,11,9,QUESTIONABLE
Jimi Manuwa,0.625,5,3,QUESTIONABLE
Stefan Struve,0.5333333333333333,8,7,QUESTIONABLE
Nate Marquardt,0.6,12,8,QUESTIONABLE
Renan Barao,0.8461538461538461,11,2,GOOD
Roy Nelson,0.6875,11,5,QUESTIONABLE
Godofredo Pepey,0.8888888888888888,8,1,GOOD
Josh Barnett,1.0,3,0,GOOD
Nick Hein,1.0,5,0,GOOD
Jessin Ayari,0.5,1,1,QUESTIONABLE
Taylor Lapilus,0.6666666666666666,2,1,QUESTIONABLE
Jarjis Danho,1.0,1,0,GOOD
Felipe Silva,0.0,0,1,QUESTIONABLE
Lorenz Larkin,0.625,5,3,QUESTIONABLE
Daniel Omielanczuk,0.6,3,2,QUESTIONABLE
Alex Nicholson,0.3333333333333333,1,2,QUESTIONABLE
Brock Lesnar,0.7142857142857143,5,2,QUESTIONABLE
Dooho Choi,0.6666666666666666,2,1,QUESTIONABLE
Alberto Mina,0.0,0,2,QUESTIONABLE
Felipe Arantes,0.5555555555555556,5,4,QUESTIONABLE
Jason Saggo,0.3333333333333333,1,2,QUESTIONABLE
Dominick Cruz,0.8,4,1,GOOD
Dan Henderson,0.4,4,6,QUESTIONABLE
Alex Caceres,0.5,5,5,QUESTIONABLE
Kevin Casey,0.4,2,3,QUESTIONABLE
Rick Story,0.5333333333333333,8,7,QUESTIONABLE
Chris Camozzi,0.4666666666666667,7,8,QUESTIONABLE
Bryan Caraway,0.5714285714285714,4,3,QUESTIONABLE
Magnus Cedenblad,0.4,2,3,QUESTIONABLE
Reza Madadi,0.3333333333333333,1,2,QUESTIONABLE
Tim Johnson,0.3333333333333333,1,2,QUESTIONABLE
Lucas Martins,0.75,3,1,GOOD
Bec Rawlings,0.6666666666666666,2,1,QUESTIONABLE
Miesha Tate,0.8,4,1,GOOD
Siyar Bahadurzada,0.6,3,2,QUESTIONABLE
Scott Askham,1.0,4,0,GOOD
Teemu Packalen,0.5,1,1,QUESTIONABLE
Oluwale Bamgbose,1.0,3,0,GOOD
Nathan Coy,1.0,1,0,GOOD
Lauren Murphy,1.0,3,0,GOOD
Tarec Saffiedine,0.5,2,2,QUESTIONABLE
Rafael Natal,0.5833333333333334,7,5,QUESTIONABLE
Damon Jackson,0.5,1,1,QUESTIONABLE
Patrick Cote,0.6111111111111112,11,7,QUESTIONABLE
Albert Tumenov,1.0,6,0,GOOD
Abel Trujillo,0.5714285714285714,4,3,QUESTIONABLE
Michael McDonald,0.6666666666666666,4,2,QUESTIONABLE
Michinori Tanaka,0.5,2,2,QUESTIONABLE
Sheldon Westcott,1.0,2,0,GOOD
Tamdan McCrory,0.3333333333333333,2,4,QUESTIONABLE
Cole Miller,0.6666666666666666,8,4,QUESTIONABLE
Tatsuya Kawajiri,0.8,4,1,GOOD
Benson Henderson,0.8333333333333334,10,2,GOOD
Dongi Yang,0.25,1,3,QUESTIONABLE
Mike de la Torre,0.8,4,1,GOOD
Tae Hyun Bang,0.5,2,2,QUESTIONABLE
Seohee Ham,1.0,3,0,GOOD
Marco Beltran,0.75,3,1,GOOD
Dominique Steele,1.0,2,0,GOOD
Kyle Noke,0.3333333333333333,3,6,QUESTIONABLE
Danny Martinez,1.0,3,0,GOOD
Ben Nguyen,1.0,4,0,GOOD
Johnny Case,0.6,3,2,QUESTIONABLE
Thiago Tavares,0.6923076923076923,9,4,QUESTIONABLE
Viscardi Andrade,0.5,1,1,QUESTIONABLE
Neil Seery,0.8333333333333334,5,1,GOOD
Ruslan Magomedov,1.0,2,0,GOOD
Adriano Martins,0.6,3,2,QUESTIONABLE
Frankie Saenz,0.8333333333333334,5,1,GOOD
Antonio Silva,0.0,0,9,QUESTIONABLE
Vitor Miranda,0.8,4,1,GOOD
Guido Cannetti,0.0,0,2,QUESTIONABLE
Paddy Holohan,0.3333333333333333,1,2,QUESTIONABLE
Mickael Lebout,0.5,1,1,QUESTIONABLE
Rob Whiteford,0.75,3,1,GOOD
Manvel Gamburyan,0.5833333333333334,7,5,QUESTIONABLE
Sam Sicilia,0.8181818181818182,9,2,GOOD
Maximo Blanco,0.5714285714285714,4,3,QUESTIONABLE
Josh Samman,0.6666666666666666,2,1,QUESTIONABLE
Jerrod Sanders,0.0,0,3,QUESTIONABLE
George Sullivan,0.3333333333333333,2,4,QUESTIONABLE
Willie Gates,1.0,3,0,GOOD
John Howard,0.6363636363636364,7,4,QUESTIONABLE
Hacran Dias,0.5714285714285714,4,3,QUESTIONABLE
Leandro Silva,0.0,0,4,QUESTIONABLE
Tony Sims,1.0,1,0,GOOD
Sirwan Kakai,1.0,1,0,GOOD
Noad Lahat,0.5,1,1,QUESTIONABLE
Patrick Williams,1.0,2,0,GOOD
Cathal Pendred,0.5,1,1,QUESTIONABLE
Anthony Birchak,1.0,1,0,GOOD
Shawn Jordan,0.8571428571428571,6,1,GOOD
Joe Proctor,0.6,3,2,QUESTIONABLE
Carlos Condit,0.5333333333333333,8,7,QUESTIONABLE
Rony Jason,0.8571428571428571,6,1,GOOD
Mark Munoz,0.6428571428571429,9,5,QUESTIONABLE
Phillipe Nover,0.5,1,1,QUESTIONABLE
Levan Makashvili,0.5,1,1,QUESTIONABLE
Jon Tuck,0.5,1,1,QUESTIONABLE
Jon Delos Reyes,1.0,3,0,GOOD
Sean O'Connell,0.5,2,2,QUESTIONABLE
Brendan O'Reilly,0.0,0,2,QUESTIONABLE
Rampage Jackson,0.36363636363636365,4,7,QUESTIONABLE
Mirko Cro Cop,0.7777777777777778,7,2,GOOD
Pawel Pawlak,1.0,2,0,GOOD
Yaotzin Meza,0.2,1,4,QUESTIONABLE
Anthony Hamilton,0.8333333333333334,5,1,GOOD
Ron Stallings,1.0,1,0,GOOD
Erick Silva,0.875,7,1,GOOD
Kevin Souza,0.3333333333333333,1,2,QUESTIONABLE
Leonardo Mafra,0.3333333333333333,1,2,QUESTIONABLE
Fredy Serrano,1.0,2,0,GOOD
Jake Ellenberger,0.7058823529411765,12,5,QUESTIONABLE
Roan Carneiro,0.6666666666666666,2,1,QUESTIONABLE
Roman Salazar,1.0,2,0,GOOD
Valmir Lazaro,0.0,0,2,QUESTIONABLE
Masio Fullen,1.0,2,0,GOOD
Frank Mir,0.7058823529411765,12,5,QUESTIONABLE
Ivan Jorge,0.5,1,1,QUESTIONABLE
Anderson Silva,0.45,9,11,QUESTIONABLE
Ildemar Alcantara,0.6,3,2,QUESTIONABLE
Daniel Sarafian,0.5,2,2,QUESTIONABLE
Leandro Issa,0.75,3,1,GOOD
Matt Mitrione,0.8888888888888888,8,1,GOOD
David Michaud,0.0,0,2,QUESTIONABLE
KJ Noons,0.3333333333333333,1,2,QUESTIONABLE
Clay Collard,0.5,1,1,QUESTIONABLE
Chico Camus,0.8333333333333334,5,1,GOOD
Isaac Vallie-Flagg,0.0,0,2,QUESTIONABLE
Luke Barnatt,0.4,2,3,QUESTIONABLE
Yves Edwards,0.8,12,3,GOOD
Kailin Curran,1.0,3,0,GOOD
Chris Heatherly,1.0,1,0,GOOD
Edgar Garcia,0.3333333333333333,1,2,QUESTIONABLE
Jorge de Oliveira,1.0,1,0,GOOD
Wagner Silva,1.0,1,0,GOOD
Clint Hester,0.6666666666666666,2,1,QUESTIONABLE
Guto Inocente,1.0,1,0,GOOD
Dylan Andrews,0.5,1,1,QUESTIONABLE
Richie Vaculik,0.3333333333333333,1,2,QUESTIONABLE
Vik Grujic,0.5,1,1,QUESTIONABLE
Hans Stringer,0.0,0,2,QUESTIONABLE
William Patolino,0.5,1,1,QUESTIONABLE
Naoyuki Kotani,1.0,3,0,GOOD
Scott Jorgensen,0.6666666666666666,6,3,QUESTIONABLE
Yosdenis Cedeno,0.5,1,1,QUESTIONABLE
Bruno Santos,0.0,0,2,QUESTIONABLE
Anthony Njokuani,0.6,3,2,QUESTIONABLE
Jake Lindsey,1.0,1,0,GOOD
Akira Corassani,0.4,2,3,QUESTIONABLE
Gasan Umalatov,0.6666666666666666,2,1,QUESTIONABLE
Tor Troeng,1.0,2,0,GOOD
Ernest Chavez,0.5,1,1,QUESTIONABLE
Chris Cariaso,0.5,6,6,QUESTIONABLE
Takeya Mizugaki,0.5714285714285714,4,3,QUESTIONABLE
Cody Gibson,0.6666666666666666,2,1,QUESTIONABLE
Amir Sadollah,0.125,1,7,QUESTIONABLE
Rin Nakai,1.0,1,0,GOOD
Kazuki Tokudome,1.0,2,0,GOOD
Piotr Hallmann,0.4,2,3,QUESTIONABLE
Wendell Oliveira,1.0,1,0,GOOD
Dashon Johnson,1.0,1,0,GOOD
Igor Araujo,0.3333333333333333,1,2,QUESTIONABLE
Johnny Bedford,0.2,1,4,QUESTIONABLE
Justin Scoggins,0.5,3,3,QUESTIONABLE
Rodrigo Damm,0.5,2,2,QUESTIONABLE
Sean Soriano,1.0,1,0,GOOD
Danny Castillo,0.4,4,6,QUESTIONABLE
Shayna Baszler,1.0,1,0,GOOD
Ramsey Nijem,0.6666666666666666,4,2,QUESTIONABLE
Ruan Potts,1.0,2,0,GOOD
Cain Carrizosa,1.0,1,0,GOOD
Mike Pyle,0.3076923076923077,4,9,QUESTIONABLE
Francis Carmont,0.5,4,4,QUESTIONABLE
Tom Niinimaki,1.0,3,0,GOOD
Aaron Phillips,1.0,1,0,GOOD
Cung Le,0.3333333333333333,1,2,QUESTIONABLE
Danny Mitchell,1.0,1,0,GOOD
Roland Delorme,0.75,3,1,GOOD
Seth Baczynski,0.375,3,5,QUESTIONABLE
Jack May,1.0,1,0,GOOD
Robert Peralta,0.3333333333333333,2,4,QUESTIONABLE
Zach Makovsky,0.75,3,1,GOOD
Josh Thomson,1.0,5,0,GOOD
Daron Cruickshank,0.5555555555555556,5,4,QUESTIONABLE
Kyle Kingsbury,0.2,1,4,QUESTIONABLE
Hernani Perpetuo,1.0,1,0,GOOD
Steven Siler,0.0,0,6,QUESTIONABLE
Brad Pickett,0.7272727272727273,8,3,QUESTIONABLE
Chris Dempsey,1.0,1,0,GOOD
Phil Harris,0.3333333333333333,1,2,QUESTIONABLE
Alptekin Ozkilic,0.6666666666666666,2,1,QUESTIONABLE
Pat Healy,1.0,4,0,GOOD
Hugo Viana,1.0,2,0,GOOD
BJ Penn,0.4117647058823529,7,10,QUESTIONABLE
Jumabieke Tuerxun,1.0,1,0,GOOD
Nico Musoke,0.6,3,2,QUESTIONABLE
Andrew Craig,0.6666666666666666,4,2,QUESTIONABLE
Colton Smith,1.0,2,0,GOOD
James Te Huna,0.5,2,2,QUESTIONABLE
Hatsu Hioki,0.6666666666666666,4,2,QUESTIONABLE
Mike Rhodes,0.0,0,2,QUESTIONABLE
Roldan Sangcha-an,1.0,1,0,GOOD
Ali Bagautinov,0.5,2,2,QUESTIONABLE
Rafael Feijao,0.75,3,1,GOOD
Brendan Schaub,0.8333333333333334,5,1,GOOD
Ryan Jimmo,0.8333333333333334,5,1,GOOD
Elizabeth Phillips,1.0,1,0,GOOD
Mike Easton,0.4,2,3,QUESTIONABLE
Josh Shockley,1.0,1,0,GOOD
Bobby Voelker,1.0,3,0,GOOD
Roger Narvaez,1.0,2,0,GOOD
Fabio Maldonado,0.3,3,7,QUESTIONABLE
Marcio Alexandre Junior,1.0,2,0,GOOD
Paulo Thiago,0.6363636363636364,7,4,QUESTIONABLE
Mark Eddiva,0.6666666666666666,2,1,QUESTIONABLE
Matt Hobar,1.0,2,0,GOOD
Vaughan Lee,0.3333333333333333,2,4,QUESTIONABLE
Andy Ogle,0.4,2,3,QUESTIONABLE
Viktor Pesta,1.0,3,0,GOOD
Jamie Varner,0.8,4,1,GOOD
Katsunori Kikuno,0.3333333333333333,1,2,QUESTIONABLE
Darrell Montague,1.0,1,0,GOOD
Yan Cabral,0.75,3,1,GOOD
Anthony Lapsley,1.0,1,0,GOOD
Estevan Payan,1.0,2,0,GOOD
Sam Stout,0.14285714285714285,2,12,QUESTIONABLE
Minotauro Nogueira,0.9,9,1,GOOD
Alan Omer,1.0,1,0,GOOD
Ronny Markes,0.3333333333333333,1,2,QUESTIONABLE
Jimy Hettes,0.3333333333333333,1,2,QUESTIONABLE
Renee Forte,0.5,1,1,QUESTIONABLE
Will Campuzano,1.0,3,0,GOOD
Bubba McDaniel,1.0,1,0,GOOD
Daniel Pineda,0.3333333333333333,1,2,QUESTIONABLE
Cyrille Diabate,0.4,2,3,QUESTIONABLE
Mats Nilsson,1.0,1,0,GOOD
Louis Gaudinot,0.6666666666666666,2,1,QUESTIONABLE
John Hathaway,0.6,3,2,QUESTIONABLE
Ivan Menjivar,0.8,4,1,GOOD
Nam Phan,0.5,3,3,QUESTIONABLE
TJ Waldburger,0.5,2,2,QUESTIONABLE
Rafaello Oliveira,0.8,4,1,GOOD
Cristiano Marcello,0.3333333333333333,1,2,QUESTIONABLE
Tom Watson,0.4,2,3,QUESTIONABLE
Gabriel Gonzaga,0.7692307692307693,10,3,GOOD
Yves Jabouin,0.5,3,3,QUESTIONABLE
Justin Edwards,0.75,3,1,GOOD
Garett Whiteley,0.5,1,1,QUESTIONABLE
Hyun Gyu Lim,0.3333333333333333,1,2,QUESTIONABLE
Quinn Mulhern,1.0,1,0,GOOD
Chris Leben,0.2857142857142857,4,10,QUESTIONABLE
Gleison Tibau,0.8571428571428571,18,3,GOOD
Mac Danzig,0.125,1,7,QUESTIONABLE
Cody McKenzie,1.0,4,0,GOOD
Darren Uyenoyama,0.6666666666666666,2,1,QUESTIONABLE
Anthony Perosh,0.6,6,4,QUESTIONABLE
Pat Barry,0.6666666666666666,6,3,QUESTIONABLE
Julie Kedzie,1.0,1,0,GOOD
Gray Maynard,0.8461538461538461,11,2,GOOD
Rory MacDonald,0.6,6,4,QUESTIONABLE
Josh Koscheck,0.5,8,8,QUESTIONABLE
Brian Ebersole,0.3333333333333333,2,4,QUESTIONABLE
Edwin Figueroa,0.5,1,1,QUESTIONABLE
Igor Pokrajac,0.7777777777777778,7,2,GOOD
Thiago Perpetuo,0.0,0,1,QUESTIONABLE
Alessio Sakara,0.5,4,4,QUESTIONABLE
Rosi Sexton,1.0,1,0,GOOD
Matt Hamill,0.4,4,6,QUESTIONABLE
Joey Beltran,0.2857142857142857,2,5,QUESTIONABLE
David Mitchell,1.0,4,0,GOOD
Iliarde Santos,1.0,2,0,GOOD
Costas Philippou,0.2857142857142857,2,5,QUESTIONABLE
Chris Clements,0.6666666666666666,2,1,QUESTIONABLE
Dustin Kimura,0.3333333333333333,1,2,QUESTIONABLE
Marcos Vinicius,1.0,1,0,GOOD
Keith Wisniewski,1.0,3,0,GOOD
Pascal Krauss,1.0,1,0,GOOD
Jared Hamman,0.2,1,4,QUESTIONABLE
Martin Kampmann,0.75,9,3,GOOD
Brian Melancon,0.0,0,1,QUESTIONABLE
Papy Abedi,0.6666666666666666,2,1,QUESTIONABLE
James Head,0.6666666666666666,2,1,QUESTIONABLE
Benny Alloway,1.0,1,0,GOOD
Vinny Magalhaes,0.5,2,2,QUESTIONABLE
Sheila Gaff,1.0,1,0,GOOD
Josh Clopton,1.0,1,0,GOOD
Ednaldo Oliveira,1.0,1,0,GOOD
Bristol Marunde,1.0,1,0,GOOD
Dave Herman,0.6666666666666666,2,1,QUESTIONABLE
John Maguire,0.6666666666666666,2,1,QUESTIONABLE
Dustin Pague,0.5,1,1,QUESTIONABLE
Jason High,0.5,1,1,QUESTIONABLE
Karlos Vemola,0.4,2,3,QUESTIONABLE
John Cholish,0.0,0,2,QUESTIONABLE
Roger Hollett,1.0,1,0,GOOD
Chael Sonnen,0.6,6,4,QUESTIONABLE
Alan Belcher,0.36363636363636365,4,7,QUESTIONABLE
Cheick Kongo,0.5555555555555556,5,4,QUESTIONABLE
Leonard Garcia,0.8,4,1,GOOD
Kurt Holobaugh,1.0,2,0,GOOD
Gilbert Melendez,1.0,5,0,GOOD
Bart Palaszewski,0.6666666666666666,2,1,QUESTIONABLE
Justin Lawrence,0.5,1,1,QUESTIONABLE
Philip De Fries,0.5,1,1,QUESTIONABLE
Michael Kuiper,0.5,1,1,QUESTIONABLE
Besam Yousef,1.0,1,0,GOOD
Nick Diaz,0.5,4,4,QUESTIONABLE
Antonio Carvalho,0.6666666666666666,2,1,QUESTIONABLE
Dan Miller,0.875,7,1,GOOD
Issei Tamura,1.0,1,0,GOOD
Brian Stann,0.1111111111111111,1,8,QUESTIONABLE
Hector Lombard,1.0,7,0,GOOD
Riki Fukuda,0.5,1,1,QUESTIONABLE
Josh Neer,0.6363636363636364,7,4,QUESTIONABLE
Lavar Johnson,0.6666666666666666,2,1,QUESTIONABLE
Anton Kuivanen,1.0,1,0,GOOD
Jorge Santiago,1.0,4,0,GOOD
Paul Sass,0.0,0,3,QUESTIONABLE
Josh Grispi,1.0,2,0,GOOD
Jon Fitch,0.8,12,3,GOOD
Ian McCall,0.8,4,1,GOOD
Jay Hieron,0.6666666666666666,2,1,QUESTIONABLE
Jacob Volkmann,0.4,2,3,QUESTIONABLE
Matt Wiman,0.9230769230769231,12,1,GOOD
Vladimir Matyushenko,0.2,1,4,QUESTIONABLE
Simeon Thoresen,0.5,1,1,QUESTIONABLE
Milton Vieira,1.0,1,0,GOOD
Diego Nunes,0.5,2,2,QUESTIONABLE
Wagner Prado,1.0,2,0,GOOD
Shane del Rosario,1.0,1,0,GOOD
Nick Catone,0.6,3,2,QUESTIONABLE
Marcus LeVesseur,0.0,0,2,QUESTIONABLE
Tom Lawlor,0.8888888888888888,8,1,GOOD
Mark Hominick,0.6666666666666666,2,1,QUESTIONABLE
Rich Franklin,0.875,14,2,GOOD
Tom DeBlass,1.0,1,0,GOOD
Luiz Cane,0.16666666666666666,1,5,QUESTIONABLE
Aaron Simpson,0.375,3,5,QUESTIONABLE
Carlo Prater,0.5,1,1,QUESTIONABLE
Duane Ludwig,0.7142857142857143,5,2,QUESTIONABLE
DaMarques Johnson,0.8,4,1,GOOD
Jason Young,1.0,2,0,GOOD
Lance Benoist,0.5,1,1,QUESTIONABLE
Walel Watson,1.0,2,0,GOOD
Oli Thompson,1.0,1,0,GOOD
Michihiro Omigawa,0.8333333333333334,5,1,GOOD
Mitch Gagnon,0.8333333333333334,5,1,GOOD
Mitch Clarke,0.4,2,3,QUESTIONABLE
Damacio Page,0.0,0,1,QUESTIONABLE
Josh Ferguson,1.0,1,0,GOOD
Tito Ortiz,0.8,12,3,GOOD
Wanderlei Silva,1.0,8,0,GOOD
Spencer Fisher,0.3,3,7,QUESTIONABLE
Ricardo Funch,1.0,3,0,GOOD
Jared Papazian,1.0,1,0,GOOD
Jake Hecht,0.0,0,2,QUESTIONABLE
Jason Miller,0.5,1,1,QUESTIONABLE
Jason MacDonald,0.8461538461538461,11,2,GOOD
Jeff Curran,1.0,2,0,GOOD
Pablo Garza,0.5,2,2,QUESTIONABLE
Mike Massenzio,0.75,3,1,GOOD
Che Mills,0.0,0,2,QUESTIONABLE
Miguel Torres,0.6666666666666666,2,1,QUESTIONABLE
John Alessio,1.0,2,0,GOOD
Mackens Semerzier,0.0,0,1,QUESTIONABLE
Norifumi Yamamoto,0.3333333333333333,1,2,QUESTIONABLE
Mike Pierce,0.3333333333333333,2,4,QUESTIONABLE
Clifford Starks,1.0,1,0,GOOD
Dustin Jacoby,1.0,1,0,GOOD
Christian Morecraft,1.0,2,0,GOOD
Kamal Shalorus,1.0,1,0,GOOD
Sean Pierson,0.3333333333333333,1,2,QUESTIONABLE
Claude Patrick,1.0,2,0,GOOD
Krzysztof Soszynski,1.0,4,0,GOOD
Rich Attonito,0.0,0,1,QUESTIONABLE
Nick Pace,0.0,0,1,QUESTIONABLE
Cain Velasquez,0.875,7,1,GOOD
Tyson Griffin,0.75,6,2,GOOD
Eliot Marshall,0.3333333333333333,1,2,QUESTIONABLE
Kenny Florian,0.9,9,1,GOOD
Eric Schafer,0.6,3,2,QUESTIONABLE
Dan Hardy,0.3333333333333333,2,4,QUESTIONABLE
Andre Winner,0.3333333333333333,1,2,QUESTIONABLE
Joe Stevenson,0.6923076923076923,9,4,QUESTIONABLE
Shane Carwin,0.25,1,3,QUESTIONABLE
Tim Credeur,0.5,1,1,QUESTIONABLE
Kendall Grove,0.75,6,2,GOOD
Randy Couture,0.6153846153846154,8,5,QUESTIONABLE
Mark Bocek,0.5,4,4,QUESTIONABLE
Ryan Jensen,0.8333333333333334,5,1,GOOD
Ricardo Almeida,0.5,2,2,QUESTIONABLE
Kurt Pellegrino,0.625,5,3,QUESTIONABLE
Rob Kimmons,0.6666666666666666,2,1,QUESTIONABLE
George Sotiropoulos,1.0,4,0,GOOD
Chris Lytle,0.6,6,4,QUESTIONABLE
Paul Kelly,0.75,3,1,GOOD
Tim Hague,1.0,1,0,GOOD
Thiago Silva,0.8571428571428571,6,1,GOOD
Marcus Davis,1.0,8,0,GOOD
Phil Baroni,1.0,6,0,GOOD
Sean McCorkle,0.0,0,1,QUESTIONABLE
Joe Doerksen,0.7142857142857143,5,2,QUESTIONABLE
Dustin Hazelett,0.6,3,2,QUESTIONABLE
TJ Grant,0.2,1,4,QUESTIONABLE
Karo Parisyan,0.8888888888888888,8,1,GOOD
Goran Reljic,1.0,3,0,GOOD
Nick Osipczak,1.0,2,0,GOOD
Seth Petruzelli,1.0,2,0,GOOD
Paul Taylor,1.0,4,0,GOOD
Gilbert Yvel,1.0,1,0,GOOD
Yoshihiro Akiyama,0.75,3,1,GOOD
James Wilks,0.0,0,2,QUESTIONABLE
Matt Serra,0.4444444444444444,4,5,QUESTIONABLE
Forrest Petz,0.3333333333333333,1,2,QUESTIONABLE
Mario Miranda,0.5,1,1,QUESTIONABLE
John Salter,0.5,1,1,QUESTIONABLE
Rodney Wallace,0.5,1,1,QUESTIONABLE
James Irvin,0.8571428571428571,6,1,GOOD
Steve Steinbeiss,1.0,1,0,GOOD
Keith Jardine,0.7777777777777778,7,2,GOOD
Chuck Liddell,0.3076923076923077,4,9,QUESTIONABLE
David Loiseau,0.75,3,1,GOOD
Paul Daley,0.0,0,2,QUESTIONABLE
Jonathan Goulet,0.5714285714285714,4,3,QUESTIONABLE
Brad Blackburn,0.5,1,1,QUESTIONABLE
Caol Uno,0.2,1,4,QUESTIONABLE
Brandon Vera,0.375,3,5,QUESTIONABLE
Shannon Gugerty,0.5,1,1,QUESTIONABLE
Brian Foster,0.6666666666666666,2,1,QUESTIONABLE
Mike Swick,0.42857142857142855,3,4,QUESTIONABLE
Dennis Hallman,0.8,4,1,GOOD
Yoshiyuki Yoshida,1.0,1,0,GOOD
Forrest Griffin,0.6666666666666666,4,2,QUESTIONABLE
Nate Quarry,1.0,6,0,GOOD
Soa Palelei,0.6,3,2,QUESTIONABLE
Junior Assuncao,1.0,1,0,GOOD
Marc-Andre Barriault,1.0,2,0,GOOD
Vanessa Melo,1.0,1,0,GOOD
Khadis Ibragimov,1.0,1,0,GOOD
Klidson Abreu,1.0,1,0,GOOD
Lauren Mueller,1.0,1,0,GOOD
Carlos Huachin,1.0,1,0,GOOD
Marcos Mariano,1.0,1,0,GOOD
Jordan Griffin,1.0,1,0,GOOD
Kyle Prepolec,1.0,1,0,GOOD
Humberto Bandenay,1.0,2,0,GOOD
Trevin Giles,1.0,1,0,GOOD
Salim Touahri,1.0,2,0,GOOD
Kyle Stewart,1.0,1,0,GOOD
Vince Morales,1.0,1,0,GOOD
Dan Moret,1.0,1,0,GOOD
Ariane Lipski,1.0,1,0,GOOD
Bevon Lewis,1.0,1,0,GOOD
Priscila Cachoeira,1.0,2,0,GOOD
Talita Bernardo,0.5,1,1,QUESTIONABLE
Dmitrii Smoliakov,1.0,2,0,GOOD
Teruto Ishihara,1.0,3,0,GOOD
Te Edwards,1.0,1,0,GOOD
Chris de la Rocha,0.5,1,1,QUESTIONABLE
Elias Garcia,0.0,0,1,QUESTIONABLE
Ricky Rainey,1.0,1,0,GOOD
Amanda Cooper,1.0,1,0,GOOD
Craig White,1.0,1,0,GOOD
Jeremy Kimball,1.0,1,0,GOOD
Damian Stasiak,1.0,3,0,GOOD
Jenel Lausa,1.0,1,0,GOOD
Sabah Homasi,0.5,1,1,QUESTIONABLE
Darrell Horcher,1.0,1,0,GOOD
Albert Morales,1.0,3,0,GOOD
Carls John De Tomas,1.0,1,0,GOOD
Bobby Nash,1.0,1,0,GOOD
Ashkan Mokhtarian,1.0,1,0,GOOD
Rashad Coulter,1.0,1,0,GOOD
Michel Quinones,1.0,1,0,GOOD
Henrique da Silva,1.0,3,0,GOOD
Frankie Perez,1.0,2,0,GOOD
Ryan Janes,1.0,1,0,GOOD
Kwan Ho Kwak,1.0,1,0,GOOD
Kiichi Kunimoto,1.0,2,0,GOOD
Jessica Aguilar,1.0,1,0,GOOD
Michael McBride,1.0,1,0,GOOD
Jocelyn Jones-Lybarger,1.0,2,0,GOOD
Brandon Thatch,0.6,3,2,QUESTIONABLE
James Moontasri,1.0,2,0,GOOD
Tim Kennedy,0.0,0,3,QUESTIONABLE
Valerie Letourneau,0.6666666666666666,2,1,QUESTIONABLE
Joe Gigliotti,1.0,1,0,GOOD
Elvis Mutapcic,1.0,2,0,GOOD
Ning Guangyou,1.0,2,0,GOOD
Christian Colombo,1.0,1,0,GOOD
Lukasz Sajewski,1.0,1,0,GOOD
Cody East,0.0,0,1,QUESTIONABLE
Kelly Faszholz,1.0,1,0,GOOD
Hector Urbina,1.0,2,0,GOOD
Augusto Montano,0.5,1,1,QUESTIONABLE
Caio Magalhaes,0.3333333333333333,1,2,QUESTIONABLE
Garreth McLellan,0.5,1,1,QUESTIONABLE
Shane Campbell,1.0,3,0,GOOD
Alberto Uda,1.0,1,0,GOOD
Jim Alers,0.6666666666666666,2,1,QUESTIONABLE
Cristina Stanciu,1.0,1,0,GOOD
Mehdi Baghdad,1.0,1,0,GOOD
Chris Beal,0.6666666666666666,2,1,QUESTIONABLE
Dominic Waters,1.0,2,0,GOOD
Chris Kelades,0.0,0,1,QUESTIONABLE
Jonavin Webb,1.0,1,0,GOOD
Masanori Kanehara,0.5,1,1,QUESTIONABLE
Sarah Kaufman,0.5,1,1,QUESTIONABLE
Yui Chul Nam,0.5,1,1,QUESTIONABLE
Leo Kuntz,1.0,1,0,GOOD
Akbarh Arreola,0.5,1,1,QUESTIONABLE
Steve Montgomery,0.0,0,1,QUESTIONABLE
Francisco Trevino,0.5,1,1,QUESTIONABLE
Paul Redmond,1.0,1,0,GOOD
Niklas Backstrom,0.0,0,1,QUESTIONABLE
Antonio Dos Santos,1.0,1,0,GOOD
Ricardo Abreu,1.0,1,0,GOOD
Justin Jones,1.0,1,0,GOOD
Phil Davis,0.125,1,7,QUESTIONABLE
Elias Silverio,0.0,0,2,QUESTIONABLE
Jon Madsen,0.0,0,1,QUESTIONABLE
Gerald Harris,0.0,0,1,QUESTIONABLE
